epoch,model,class,pseudo_hist,accepted_hist,true_count,pseudo_acc,accepted_true_count,accepted_pseudo_acc
1,fixmatch,0,38174,2702,11496,0.8208072372999304,1519,0.9749835418038183
1,fixmatch,1,26852,2334,11412,0.746757798808272,1454,0.9910591471801926
1,fixmatch,2,28832,0,11422,0.47303449483452986,107,0.0
1,fixmatch,3,18295,0,11458,0.3652469890033165,24,0.0
1,fixmatch,4,1940,0,11455,0.05115670013094718,30,0.0
1,fixmatch,5,517,0,11511,0.015115976022934585,25,0.0
1,fixmatch,6,54,0,11523,0.0026034886748242643,26,0.0
1,fixmatch,7,20,0,11484,8.707767328456984e-05,30,0.0
1,fixmatch,8,3,0,11454,0.0,1088,0.0
1,fixmatch,9,1,0,11473,8.716116098666435e-05,733,0.0
2,fixmatch,0,35668,5332,11406,0.8820796072242679,3033,0.9841740850642928
2,fixmatch,1,23786,7511,11527,0.8707382666782337,5132,0.995128604832424
2,fixmatch,2,26280,2,11532,0.5327783558792925,108,0.009259259259259259
2,fixmatch,3,18493,0,11476,0.4281108400139421,35,0.0
2,fixmatch,4,7465,0,11506,0.20345906483573786,52,0.0
2,fixmatch,5,2170,0,11455,0.08371890004364906,17,0.0
2,fixmatch,6,648,0,11412,0.03478794251664914,29,0.0
2,fixmatch,7,178,0,11445,0.009611183923110528,44,0.0
2,fixmatch,8,0,0,11484,0.0,2175,0.0
2,fixmatch,9,0,0,11445,0.0,2220,0.0
3,fixmatch,0,34111,7537,11524,0.8992537313432836,4409,0.9925153095940122
3,fixmatch,1,22779,10102,11459,0.8985077231870146,6905,0.9950760318609703
3,fixmatch,2,24760,27,11465,0.5834278238116005,181,0.13259668508287292
3,fixmatch,3,18093,1,11478,0.4621885345879073,48,0.020833333333333332
3,fixmatch,4,9226,2,11424,0.2967436974789916,57,0.03508771929824561
3,fixmatch,5,2912,1,11432,0.13619664100769768,28,0.0
3,fixmatch,6,2074,0,11464,0.12308094905792044,58,0.0
3,fixmatch,7,728,0,11493,0.04602801705385887,57,0.0
3,fixmatch,8,0,0,11450,0.0,2840,0.0
3,fixmatch,9,5,0,11499,0.0003478563353335073,3087,0.0
4,fixmatch,0,32218,8759,11468,0.9107952563655389,5384,0.9934992570579495
4,fixmatch,1,21899,11376,11412,0.9157027690150719,7936,0.9964717741935484
4,fixmatch,2,23027,176,11485,0.61767522855899,342,0.4444444444444444
4,fixmatch,3,18950,14,11485,0.5031780583369613,85,0.09411764705882353
4,fixmatch,4,10278,13,11504,0.3639603616133519,117,0.08547008547008547
4,fixmatch,5,3067,1,11471,0.15691744398919014,34,0.029411764705882353
4,fixmatch,6,3173,36,11438,0.20545549921314915,85,0.3764705882352941
4,fixmatch,7,2066,24,11435,0.1445561871447311,96,0.23958333333333334
4,fixmatch,8,3,0,11530,0.00026019080659150045,2964,0.0
4,fixmatch,9,7,0,11460,0.0005235602094240838,3356,0.0
5,fixmatch,0,31437,9648,11441,0.9179267546543134,6216,0.9945302445302445
5,fixmatch,1,21616,11988,11528,0.9371096460791117,8753,0.9948589055181081
5,fixmatch,2,21560,716,11421,0.6415375186060766,868,0.6831797235023042
5,fixmatch,3,17723,73,11446,0.522191158483313,160,0.3
5,fixmatch,4,10745,106,11470,0.4047079337401918,275,0.33090909090909093
5,fixmatch,5,4792,20,11505,0.24858757062146894,101,0.1782178217821782
5,fixmatch,6,3985,121,11533,0.2724356195265759,220,0.5181818181818182
5,fixmatch,7,2599,42,11487,0.17846260990685123,143,0.2937062937062937
5,fixmatch,8,119,0,11404,0.009031918625043845,2793,0.0
5,fixmatch,9,112,0,11453,0.008032829826246398,3185,0.0
6,fixmatch,0,30414,10636,11495,0.9277076989995651,6766,0.9951226721844517
6,fixmatch,1,21194,12677,11433,0.9432344966325549,9155,0.9956308028399782
6,fixmatch,2,19562,1537,11482,0.6537188643093538,1584,0.8257575757575758
6,fixmatch,3,18243,477,11509,0.5602571900251977,481,0.6777546777546778
6,fixmatch,4,11300,260,11502,0.4548774126238915,452,0.4756637168141593
6,fixmatch,5,5378,177,11428,0.2815890794539727,352,0.4602272727272727
6,fixmatch,6,4959,430,11448,0.3353424178895877,563,0.7246891651865008
6,fixmatch,7,3260,123,11411,0.22881430198930855,318,0.37735849056603776
6,fixmatch,8,261,1,11504,0.019906119610570237,3078,0.0003248862897985705
6,fixmatch,9,117,0,11476,0.008365284071104914,3569,0.0
7,fixmatch,0,29400,10578,11442,0.9318300996329313,7069,0.996180506436554
7,fixmatch,1,20988,12344,11533,0.9499696523020896,9416,0.9954333050127443
7,fixmatch,2,19891,2484,11459,0.6889780958198796,2361,0.8975010588733587
7,fixmatch,3,17767,785,11439,0.5757496284640266,741,0.766531713900135
7,fixmatch,4,11153,391,11405,0.478211310828584,581,0.5697074010327022
7,fixmatch,5,5711,357,11471,0.31200418446517303,594,0.563973063973064
7,fixmatch,6,5098,659,11469,0.35731101229400997,825,0.7612121212121212
7,fixmatch,7,3638,205,11512,0.25816539263377347,469,0.4157782515991471
7,fixmatch,8,451,8,11463,0.03559277676001047,2678,0.002987303958177745
7,fixmatch,9,591,7,11495,0.04488908220965637,3084,0.002269779507133593
8,fixmatch,0,28690,12204,11462,0.9370964927586809,7797,0.9951263306399898
8,fixmatch,1,20504,12457,11471,0.951006886932264,9527,0.9939120394667786
8,fixmatch,2,18745,3146,11465,0.6999563890100305,2992,0.9047459893048129
8,fixmatch,3,17654,1022,11495,0.583732057416268,970,0.7474226804123711
8,fixmatch,4,12334,880,11454,0.5455735987427973,1028,0.7042801556420234
8,fixmatch,5,6801,656,11507,0.3650821239245677,880,0.678409090909091
8,fixmatch,6,5338,825,11440,0.3833041958041958,1076,0.7286245353159851
8,fixmatch,7,3192,271,11490,0.2352480417754569,648,0.4058641975308642
8,fixmatch,8,688,15,11429,0.05302301163706361,3386,0.004134672179562906
8,fixmatch,9,742,9,11475,0.058910675381263614,3181,0.0028292989625903803
9,fixmatch,0,27949,12391,11495,0.9398869073510222,8017,0.9932643133341649
9,fixmatch,1,19954,12382,11410,0.950219106047327,9523,0.9948545626378242
9,fixmatch,2,18793,4243,11448,0.7244060097833682,3764,0.9144527098831031
9,fixmatch,3,18006,1838,11447,0.6303835065956146,1619,0.8332303891290921
9,fixmatch,4,11455,1304,11482,0.5406723567322766,1496,0.7165775401069518
9,fixmatch,5,6516,781,11539,0.3708293612964728,1225,0.5918367346938775
9,fixmatch,6,5780,1397,11471,0.4171388719379304,1791,0.7414852037967616
9,fixmatch,7,4061,507,11438,0.2883371218744536,1054,0.4629981024667932
9,fixmatch,8,1083,104,11501,0.08503608381879836,3327,0.03005710850616171
9,fixmatch,9,1091,51,11457,0.08719560094265515,3182,0.016027655562539284
10,fixmatch,0,26949,12724,11459,0.9355092067370626,8294,0.992645285748734
10,fixmatch,1,20324,13188,11483,0.9568927980492903,9961,0.9946792490713784
10,fixmatch,2,18484,4825,11509,0.7388999913111478,4365,0.9138602520045819
10,fixmatch,3,16919,2641,11447,0.6312570979295885,2252,0.8579040852575488
10,fixmatch,4,12289,2043,11482,0.5797770423271207,2097,0.7939914163090128
10,fixmatch,5,6934,1154,11359,0.40426093846289285,1703,0.624192601291838
10,fixmatch,6,6061,1703,11502,0.436358894105373,2119,0.7649834827748938
10,fixmatch,7,4025,560,11491,0.2953615873292142,1289,0.425911559348332
10,fixmatch,8,1462,168,11480,0.11681184668989547,3494,0.04751001717229536
10,fixmatch,9,1241,54,11476,0.09864064133844545,3486,0.01549053356282272
11,fixmatch,0,27039,12976,11450,0.9461135371179039,8463,0.9958643507030603
11,fixmatch,1,19724,12822,11432,0.9587123862841148,9961,0.9937757253287822
11,fixmatch,2,17763,5216,11437,0.738830112791816,4670,0.9201284796573875
11,fixmatch,3,17549,3278,11487,0.6534343170540611,2649,0.8773121932804832
11,fixmatch,4,12399,2767,11466,0.601168672597244,2690,0.8245353159851301
11,fixmatch,5,7168,1454,11480,0.4202961672473868,2144,0.6240671641791045
11,fixmatch,6,6167,1868,11530,0.4450130095403296,2421,0.7385377942998761
11,fixmatch,7,3969,662,11464,0.29989532449406836,1516,0.42744063324538256
11,fixmatch,8,1377,151,11504,0.11196105702364395,3582,0.041596873255164715
11,fixmatch,9,1533,99,11438,0.12449728973596783,3197,0.030966531122927746
12,fixmatch,0,27253,13527,11521,0.9475739953129069,8690,0.9940161104718067
12,fixmatch,1,19337,12989,11526,0.9570536179073399,10115,0.99268413247652
12,fixmatch,2,18082,6063,11488,0.7534818941504178,5193,0.9250914692855767
12,fixmatch,3,16652,3575,11485,0.6472790596430126,2982,0.8611670020120724
12,fixmatch,4,11904,3201,11436,0.6062434417628542,3178,0.8174952800503461
12,fixmatch,5,7086,1842,11472,0.4341004184100418,2638,0.6421531463229719
12,fixmatch,6,6188,2025,11367,0.4559690331661828,2663,0.7258730754787833
12,fixmatch,7,4725,1203,11463,0.35069353572363254,2176,0.5372242647058824
12,fixmatch,8,1485,188,11457,0.12202147158942131,3756,0.049254526091586794
12,fixmatch,9,1976,267,11473,0.15750021790290247,3489,0.07480653482373173
13,fixmatch,0,25805,13458,11421,0.9451886875054724,8855,0.9936758893280633
13,fixmatch,1,19543,13212,11457,0.9625556428384394,10176,0.9941037735849056
13,fixmatch,2,17644,6204,11538,0.7626971745536488,5477,0.9264195727588096
13,fixmatch,3,16987,4274,11382,0.670444561588473,3478,0.8726279470960322
13,fixmatch,4,12275,3823,11491,0.6339744147593769,3654,0.8503010399562124
13,fixmatch,5,7372,2328,11489,0.45208460266341716,3160,0.6806962025316455
13,fixmatch,6,6285,2402,11511,0.46338285118582223,3095,0.7450726978998384
13,fixmatch,7,4892,1589,11429,0.3743109633388748,2617,0.5938097057699656
13,fixmatch,8,1880,363,11497,0.15308341306427764,3852,0.0926791277258567
13,fixmatch,9,2005,262,11473,0.1610738255033557,3551,0.07293720078851028
14,fixmatch,0,25928,13851,11492,0.9509223807866342,9078,0.9930601454064772
14,fixmatch,1,19001,13152,11498,0.9631240215689685,10303,0.9933029214791809
14,fixmatch,2,17652,6769,11384,0.7783731553056922,5918,0.9300439337614059
14,fixmatch,3,16948,4573,11556,0.6750605745932848,3729,0.8702064896755162
14,fixmatch,4,11917,3895,11447,0.6399056521359308,3782,0.8495505023796933
14,fixmatch,5,7118,2345,11439,0.45248710551621646,3283,0.6631130063965884
14,fixmatch,6,6421,2463,11497,0.4715143080803688,3235,0.7347758887171562
14,fixmatch,7,5323,1986,11511,0.4083919728954913,3026,0.6394580304031725
14,fixmatch,8,2144,538,11390,0.17848990342405618,4015,0.13325031133250312
14,fixmatch,9,2236,287,11474,0.18267387136133867,3490,0.08166189111747851
15,fixmatch,0,25591,14393,11496,0.9532881002087683,9315,0.9919484702093397
15,fixmatch,1,18314,13062,11453,0.9608836112808871,10288,0.9940707620528771
15,fixmatch,2,17359,7036,11479,0.7704503876644307,6091,0.9203743227713019
15,fixmatch,3,16750,5163,11448,0.6816037735849056,4201,0.8750297548202809
15,fixmatch,4,11266,4269,11537,0.639854381554997,4279,0.8396821687310119
15,fixmatch,5,7285,2646,11458,0.46404259032990053,3694,0.65755278830536
15,fixmatch,6,6661,2819,11354,0.5007926721860138,3622,0.7490336830480397
15,fixmatch,7,5950,2628,11532,0.4527402011793271,3648,0.6990131578947368
15,fixmatch,8,2328,590,11495,0.19521531100478468,4331,0.13576541214500115
15,fixmatch,9,3184,800,11436,0.2575201119272473,3937,0.19964439928879857
16,fixmatch,0,24683,13810,11456,0.9541724860335196,9239,0.9926398960926507
16,fixmatch,1,18669,13471,11450,0.9625327510917031,10375,0.9927710843373494
16,fixmatch,2,17049,7316,11471,0.7783105221863831,6246,0.9281139929554915
16,fixmatch,3,16837,5742,11490,0.6879895561357703,4596,0.8709747606614447
16,fixmatch,4,12143,5072,11449,0.6620665560310944,4733,0.862243819987323
16,fixmatch,5,7262,2895,11475,0.4612636165577342,4097,0.6465706614596046
16,fixmatch,6,6940,3194,11517,0.5184509854996961,4109,0.746897055244585
16,fixmatch,7,5444,2514,11367,0.4276414181402305,3823,0.6411195396285639
16,fixmatch,8,2995,994,11500,0.24895652173913044,4324,0.22849213691026826
16,fixmatch,9,2666,579,11513,0.22009901850082517,4045,0.1411619283065513
17,fixmatch,0,24644,14513,11463,0.952979150309692,9461,0.9921784166578586
17,fixmatch,1,18430,13597,11450,0.9678602620087337,10564,0.9920484664899659
17,fixmatch,2,17663,7951,11460,0.7930191972076789,6647,0.929592297276967
17,fixmatch,3,16043,5758,11434,0.685237012419101,4607,0.8780117212936835
17,fixmatch,4,11800,5309,11456,0.6778107541899442,5184,0.8636188271604939
17,fixmatch,5,7069,2946,11482,0.4628113569064623,4314,0.6353732035234122
17,fixmatch,6,6863,3296,11482,0.5188991464901586,4302,0.7361692236169224
17,fixmatch,7,6339,3138,11532,0.48794658342004854,4264,0.7164634146341463
17,fixmatch,8,2657,937,11449,0.22517250414883397,4651,0.20060202107073746
17,fixmatch,9,3180,1015,11480,0.26445993031358883,4466,0.2250335871025526
18,fixmatch,0,24929,15051,11468,0.9558772235786537,9603,0.9907320628970113
18,fixmatch,1,17770,13204,11604,0.9657014822475009,10679,0.991946811499204
18,fixmatch,2,16872,7971,11397,0.7952092655962095,6832,0.9234484777517564
18,fixmatch,3,16378,6374,11469,0.7038102711657511,5105,0.8812928501469148
18,fixmatch,4,11971,5508,11506,0.6903354771423605,5350,0.862803738317757
18,fixmatch,5,7102,3169,11394,0.47472353870458134,4566,0.6465177398160316
18,fixmatch,6,7002,3458,11437,0.5394771356124858,4347,0.7692661605705085
18,fixmatch,7,6214,3243,11487,0.48811700182815354,4439,0.7177292182924082
18,fixmatch,8,2728,1089,11451,0.22949960702122085,5080,0.2125984251968504
18,fixmatch,9,3722,1211,11475,0.3127668845315904,4277,0.2803366845920037
19,fixmatch,0,24292,14702,11461,0.9571590611639473,9601,0.9938548067909593
19,fixmatch,1,17544,13205,11288,0.9688164422395464,10432,0.9929064417177914
19,fixmatch,2,16729,7946,11590,0.7981880931837791,7033,0.9252097255794114
19,fixmatch,3,16426,6350,11481,0.7091716749412073,5091,0.8762522097819682
19,fixmatch,4,11227,5297,11431,0.6832298136645962,5306,0.867885412740294
19,fixmatch,5,7396,3414,11566,0.48582050838665053,4725,0.6677248677248677
19,fixmatch,6,7521,3897,11478,0.5698728001393971,4729,0.7967857898075703
19,fixmatch,7,6519,3678,11480,0.5183797909407666,4735,0.759662090813094
19,fixmatch,8,3036,1182,11492,0.2558301427079708,4849,0.24190554753557433
19,fixmatch,9,3998,1606,11421,0.33569739952718675,4776,0.33396147403685095
20,fixmatch,0,24200,15174,11459,0.9574133868574919,9781,0.9919231162457827
20,fixmatch,1,16872,12854,11511,0.9692468074016158,10601,0.9921705499481182
20,fixmatch,2,16423,8092,11397,0.7997718697902957,7021,0.9216635806865119
20,fixmatch,3,16744,6962,11466,0.7161172161172161,5439,0.8838021695164552
20,fixmatch,4,11687,5899,11454,0.6953029509341715,5772,0.8711018711018711
20,fixmatch,5,7261,3495,11489,0.4803725302463226,4953,0.6478901675752069
20,fixmatch,6,7074,3724,11501,0.5509086166420312,4768,0.7581795302013423
20,fixmatch,7,6636,3813,11435,0.5213817227809358,4990,0.743687374749499
20,fixmatch,8,3219,1364,11455,0.27158446093408994,5291,0.2560952560952561
20,fixmatch,9,4572,1974,11521,0.3841680409686659,4735,0.41351636747624076
21,fixmatch,0,24109,14880,11458,0.9609879560132658,9834,0.992475086434818
21,fixmatch,1,17464,13380,11534,0.9696549332408532,10711,0.9934646624964989
21,fixmatch,2,16802,8715,11508,0.8120437956204379,7453,0.9331812692875352
21,fixmatch,3,15735,6706,11454,0.711017984983412,5505,0.8801089918256131
21,fixmatch,4,11479,5891,11453,0.7109054396228063,5902,0.8820738732633006
21,fixmatch,5,7525,3757,11448,0.502183787561146,5067,0.6844286560094731
21,fixmatch,6,7339,4057,11418,0.5734804694342267,5032,0.7790143084260731
21,fixmatch,7,6961,4197,11487,0.5546269696178289,5266,0.7804785415875427
21,fixmatch,8,3290,1330,11485,0.27784066173269484,4950,0.2680808080808081
21,fixmatch,9,3984,1699,11443,0.33880975268723235,4892,0.34689288634505316
22,fixmatch,0,23835,14919,11429,0.9580015749409397,9818,0.9914442860052964
22,fixmatch,1,17579,13481,11417,0.9721467986336165,10606,0.9948142560814633
22,fixmatch,2,16645,8905,11501,0.8162768454916963,7587,0.9310662976143403
22,fixmatch,3,16147,7242,11515,0.7224489795918367,5827,0.887077398318174
22,fixmatch,4,11230,6038,11434,0.7145355955920938,6147,0.8742476004555068
22,fixmatch,5,7316,3726,11418,0.5021019442984761,5182,0.6692396758008491
22,fixmatch,6,7381,4113,11529,0.5688264376788967,5187,0.7653749759012917
22,fixmatch,7,7248,4587,11439,0.5767112509834775,5597,0.7973914597105592
22,fixmatch,8,3259,1516,11497,0.27581108115160474,5281,0.28593069494413936
22,fixmatch,9,4048,1746,11509,0.34312277348162307,5041,0.3449712358658996
23,fixmatch,0,24209,15494,11500,0.9651304347826087,10075,0.9922580645161291
23,fixmatch,1,17117,13293,11498,0.9696468951121934,10704,0.9930866965620329
23,fixmatch,2,16360,8931,11458,0.8141909582824227,7661,0.9293825871296175
23,fixmatch,3,16163,7533,11427,0.73597619672705,5997,0.8904452226113057
23,fixmatch,4,10794,5952,11521,0.7068830830657061,6262,0.8669754072181411
23,fixmatch,5,7230,3891,11489,0.5018713552093307,5485,0.6601640838650866
23,fixmatch,6,7685,4549,11482,0.6049468733670093,5472,0.8086622807017544
23,fixmatch,7,7576,4945,11435,0.6015741145605596,5938,0.8130683731896261
23,fixmatch,8,3310,1479,11441,0.2824927890918626,5309,0.27688830288189864
23,fixmatch,9,4244,1900,11437,0.3634694412870508,5064,0.3730252764612954
24,fixmatch,0,24181,15912,11457,0.9634284716767042,10041,0.9921322577432526
24,fixmatch,1,17317,13685,11469,0.9729706164443281,10795,0.993422880963409
24,fixmatch,2,16001,8853,11457,0.8200226935497948,7774,0.9257782351427837
24,fixmatch,3,16591,7948,11512,0.7470465601111883,6245,0.8923939151321056
24,fixmatch,4,11096,6357,11489,0.7267821394377231,6482,0.8830607837087319
24,fixmatch,5,7269,3860,11482,0.5013063926145271,5513,0.6511881008525304
24,fixmatch,6,7610,4497,11431,0.5995975855130785,5499,0.7937806873977087
24,fixmatch,7,7485,5023,11516,0.5985585272664119,6014,0.8180911207183239
24,fixmatch,8,3107,1508,11466,0.264695621838479,5770,0.25979202772963605
24,fixmatch,9,4031,1871,11409,0.3457796476465948,5381,0.3462181750603977
25,fixmatch,0,23161,15288,11581,0.9636473534237112,10141,0.9919140124248101
25,fixmatch,1,17050,13514,11438,0.9735093547823046,10724,0.9927265945542708
25,fixmatch,2,16555,9207,11478,0.8296741592611954,7975,0.926896551724138
25,fixmatch,3,15565,7597,11429,0.7377723335374924,6202,0.8847146081909062
25,fixmatch,4,11435,6793,11416,0.7464961457603364,6771,0.8957317973711416
25,fixmatch,5,7628,4289,11405,0.5299430074528716,5764,0.693442054129077
25,fixmatch,6,7323,4401,11541,0.5807122433064725,5585,0.7692032229185318
25,fixmatch,7,7374,4899,11422,0.5963053755909649,5948,0.808843308675185
25,fixmatch,8,3930,2063,11470,0.33408892763731474,5693,0.36061830317934307
25,fixmatch,9,4667,2348,11508,0.3958985053875565,5596,0.41815582558970693
26,fixmatch,0,23471,15638,11387,0.9610959866514446,10060,0.9900596421471173
26,fixmatch,1,16762,13345,11461,0.9754820696274321,10799,0.9936105194925456
26,fixmatch,2,15855,8899,11426,0.8252231752144232,7844,0.9284803671596125
26,fixmatch,3,16198,8134,11439,0.7476177987586328,6376,0.8966436637390214
26,fixmatch,4,11017,6548,11477,0.7353838111004618,6695,0.8894697535474234
26,fixmatch,5,7419,4059,11543,0.5092263709607554,5754,0.6574556830031283
26,fixmatch,6,7859,4939,11409,0.622315715663073,5888,0.8131793478260869
26,fixmatch,7,7845,5415,11581,0.6184267334427079,6389,0.8286116763186727
26,fixmatch,8,3585,1713,11506,0.30505823048844083,5752,0.2958970792767733
26,fixmatch,9,4677,2397,11459,0.40038397765948164,5530,0.4316455696202532
27,fixmatch,0,23536,15725,11484,0.965168930686172,10181,0.9920440035359984
27,fixmatch,1,16955,13647,11512,0.9743745656706045,10879,0.9936575052854123
27,fixmatch,2,16439,9387,11490,0.8306353350739774,8113,0.9271539504498952
27,fixmatch,3,15989,8019,11497,0.7428024702096199,6397,0.8929185555729248
27,fixmatch,4,11075,6657,11487,0.7346565682945939,6779,0.8865614397403747
27,fixmatch,5,7172,4135,11454,0.5074209883010302,5774,0.6695531693799792
27,fixmatch,6,7298,4478,11465,0.5838639337112952,5662,0.7712822324267044
27,fixmatch,7,7692,5206,11385,0.613350900307422,6255,0.8127897681854517
27,fixmatch,8,3503,1701,11429,0.3009012162043923,5764,0.29406662040249826
27,fixmatch,9,5029,2751,11485,0.4282977797126687,5902,0.46391053880040667
28,fixmatch,0,23752,16237,11462,0.9664107485604606,10293,0.9926163412027592
28,fixmatch,1,17025,13727,11450,0.9765065502183407,10885,0.9932016536518145
28,fixmatch,2,15683,9445,11450,0.8354585152838427,8261,0.9295484808134609
28,fixmatch,3,16206,8336,11471,0.7550344346613198,6639,0.8910980569362856
28,fixmatch,4,11433,7187,11451,0.760981573661689,7251,0.8993242311405324
28,fixmatch,5,7515,4444,11471,0.5291604916746578,6107,0.676436875716391
28,fixmatch,6,7632,5002,11525,0.6130151843817787,6110,0.7977086743044189
28,fixmatch,7,7459,5282,11418,0.6106148187073043,6456,0.8039033457249071
28,fixmatch,8,3435,1771,11495,0.2937799043062201,6056,0.29111624834874505
28,fixmatch,9,4548,2411,11495,0.38903871248368854,5784,0.4151106500691563
29,fixmatch,0,22862,15491,11410,0.9650306748466257,10246,0.9898496974429045
29,fixmatch,1,17023,13649,11525,0.975531453362256,10916,0.9938622205936241
29,fixmatch,2,15891,9665,11503,0.8370859775710684,8281,0.9367226180412994
29,fixmatch,3,16179,8634,11512,0.7531271716469771,6722,0.8945254388574829
29,fixmatch,4,11198,7194,11467,0.7587860817999477,7306,0.8957021626060772
29,fixmatch,5,7137,4279,11455,0.504932343954605,6227,0.6393126706279108
29,fixmatch,6,7996,5260,11424,0.6390931372549019,6342,0.8103122043519394
29,fixmatch,7,7737,5580,11475,0.6249237472766884,6704,0.815483293556086
29,fixmatch,8,4077,2238,11434,0.349658912016792,5950,0.373781512605042
29,fixmatch,9,4588,2300,11483,0.3938866149960812,5596,0.41029306647605435
30,fixmatch,0,22968,15568,11503,0.9665304703120925,10329,0.9926420757091684
30,fixmatch,1,16194,13108,11401,0.9771949828962372,10804,0.9937060348019252
30,fixmatch,2,15557,9433,11459,0.8340169299240772,8301,0.9301289001325141
30,fixmatch,3,16412,8908,11395,0.7676173760421238,6902,0.9014778325123153
30,fixmatch,4,11309,7255,11478,0.7679909391880119,7293,0.90703414232826
30,fixmatch,5,7365,4434,11511,0.5195030840066024,6308,0.6551997463538364
30,fixmatch,6,7713,5105,11468,0.6212068364143705,6208,0.8020296391752577
30,fixmatch,7,7865,5586,11531,0.6283930274911109,6638,0.8220849653510094
30,fixmatch,8,4141,2232,11512,0.35258860319666435,5968,0.3723190348525469
30,fixmatch,9,5164,2827,11430,0.44514435695538057,5705,0.49447852760736194
31,fixmatch,0,23133,16065,11471,0.9649551041757476,10326,0.9934146813867907
31,fixmatch,1,16321,13203,11523,0.9770892996615465,10958,0.9936119729877715
31,fixmatch,2,15400,9243,11406,0.8335963527967736,8246,0.9280863448944943
31,fixmatch,3,16154,8738,11523,0.7656860192658161,6875,0.9032727272727272
31,fixmatch,4,11164,7086,11477,0.7630914001916878,7182,0.9030910609857978
31,fixmatch,5,7355,4357,11448,0.5222746331236897,6136,0.6632985658409387
31,fixmatch,6,8009,5256,11491,0.6399791140892873,6283,0.8152156613082923
31,fixmatch,7,7939,5733,11502,0.6373674143627195,6781,0.8299660816988644
31,fixmatch,8,3646,1799,11419,0.3132498467466503,5953,0.3010246934318831
31,fixmatch,9,5567,3287,11428,0.4790864543227161,6027,0.5438858470217355
32,fixmatch,0,23677,16501,11527,0.970243775483647,10431,0.9941520467836257
32,fixmatch,1,16860,13661,11435,0.9783121993878443,10910,0.9933088909257561
32,fixmatch,2,15800,9534,11499,0.8398991216627533,8393,0.9316096747289407
32,fixmatch,3,15882,8593,11396,0.7585995085995086,6794,0.896967912864292
32,fixmatch,4,11465,7293,11472,0.7724023709902371,7340,0.9035422343324251
32,fixmatch,5,7251,4291,11430,0.5167979002624672,6073,0.6579944014490368
32,fixmatch,6,7850,5251,11479,0.6325463890582803,6380,0.8054858934169279
32,fixmatch,7,7667,5363,11437,0.6218413919734196,6436,0.8146364201367309
32,fixmatch,8,3569,1828,11491,0.30580454268558,6228,0.2923892100192678
32,fixmatch,9,4667,2565,11522,0.398975872244402,5895,0.4339270568278202
33,fixmatch,0,23114,16188,11464,0.9685973482205164,10417,0.9944321781702985
33,fixmatch,1,16331,13473,11478,0.9753441366091654,10874,0.9935626264484091
33,fixmatch,2,15410,9467,11462,0.8440935264351771,8420,0.9321852731591449
33,fixmatch,3,15771,8600,11533,0.7720454348391572,7013,0.8983316697561671
33,fixmatch,4,11447,7654,11509,0.7859935702493701,7675,0.9143973941368079
33,fixmatch,5,7726,4773,11520,0.5505208333333333,6361,0.6991039144788556
33,fixmatch,6,8080,5419,11493,0.6481336465674759,6464,0.8143564356435643
33,fixmatch,7,7973,5953,11409,0.6463318432816197,6940,0.838328530259366
33,fixmatch,8,4042,2231,11413,0.34714798913519673,6277,0.35383144814401785
33,fixmatch,9,4794,2788,11407,0.4128166915052161,6105,0.45454545454545453
34,fixmatch,0,23260,16332,11435,0.9715784871010057,10423,0.9935719082797659
34,fixmatch,1,16428,13417,11464,0.9800244242847174,10967,0.9931613020880824
34,fixmatch,2,15467,9807,11504,0.8503129346314325,8671,0.9363395225464191
34,fixmatch,3,16273,9127,11478,0.7845443457048267,7178,0.9101421008637504
34,fixmatch,4,11338,7627,11390,0.7916593503072871,7695,0.9161793372319688
34,fixmatch,5,7217,4429,11476,0.5268386197281283,6304,0.6624365482233503
34,fixmatch,6,8069,5574,11397,0.655347898569799,6602,0.825961829748561
34,fixmatch,7,7970,5986,11525,0.6462472885032537,7012,0.837564175698802
34,fixmatch,8,3850,2074,11512,0.3293085476025017,6285,0.3287191726332538
34,fixmatch,9,4816,2546,11507,0.41287911705918134,5782,0.4392943618125216
35,fixmatch,0,22614,16213,11499,0.9726063135924863,10537,0.9944006833064439
35,fixmatch,1,15756,13121,11458,0.9784430092511782,10943,0.9938773645252673
35,fixmatch,2,15207,9888,11433,0.8523572115805126,8794,0.9342733682055947
35,fixmatch,3,15897,9188,11497,0.7841175958945812,7331,0.9035602237075433
35,fixmatch,4,11130,7798,11527,0.7892773488331742,7919,0.9116050006313928
35,fixmatch,5,7701,4955,11408,0.5602208976157083,6662,0.6915340738516962
35,fixmatch,6,8345,5930,11505,0.6775315080399826,6970,0.8360114777618365
35,fixmatch,7,8129,6242,11457,0.6628262197783015,7314,0.83893902105551
35,fixmatch,8,4135,2444,11444,0.35721775602936034,6529,0.37341093582478174
35,fixmatch,9,5774,3514,11460,0.49589877835951135,6294,0.5559262789958691
36,fixmatch,0,22749,16743,11489,0.9704935155366002,10606,0.993494248538563
36,fixmatch,1,15414,12917,11455,0.9800960279353994,10942,0.994882105647962
36,fixmatch,2,15519,10172,11476,0.8611885674451029,8975,0.9396100278551532
36,fixmatch,3,15990,9487,11398,0.7866292331988068,7428,0.9103392568659128
36,fixmatch,4,11078,7791,11457,0.7877280265339967,7992,0.9045295295295295
36,fixmatch,5,7627,4730,11529,0.552866684014225,6649,0.6755903143329824
36,fixmatch,6,8063,5564,11502,0.6566684054946966,6677,0.8178822824621836
36,fixmatch,7,8039,6306,11448,0.6609888190076869,7398,0.8396864017301974
36,fixmatch,8,4001,2417,11467,0.3431586291096189,6901,0.34864512389508767
36,fixmatch,9,6208,4038,11467,0.5342286561437167,6597,0.6108837350310747
37,fixmatch,0,23056,16834,11447,0.9753647243819341,10588,0.9934831885153004
37,fixmatch,1,15631,13102,11496,0.9798190675017397,11008,0.9930959302325582
37,fixmatch,2,15355,10079,11465,0.8594853903183602,8921,0.937450958412734
37,fixmatch,3,15964,9510,11504,0.7894645340751043,7556,0.9041821069348862
37,fixmatch,4,11283,8109,11490,0.8012184508268059,8172,0.9192364170337739
37,fixmatch,5,7458,4791,11467,0.5437341937734368,6720,0.6688988095238095
37,fixmatch,6,8318,6038,11420,0.6838879159369528,7048,0.8392451759364359
37,fixmatch,7,7990,6149,11494,0.6550374108230381,7233,0.8357527996681875
37,fixmatch,8,3733,2198,11478,0.32113608642620667,6849,0.3201927288655278
37,fixmatch,9,5900,3815,11427,0.5108952480966132,6530,0.5826952526799387
38,fixmatch,0,22782,16510,11455,0.9714535137494544,10466,0.992547296006115
38,fixmatch,1,15393,12880,11479,0.9810087986758429,10994,0.9943605603056213
38,fixmatch,2,15687,10289,11482,0.8656157463856471,8935,0.9413542249580302
38,fixmatch,3,15667,9284,11440,0.7855769230769231,7385,0.9077860528097494
38,fixmatch,4,11272,7939,11427,0.806073335083574,8056,0.9158391261171798
38,fixmatch,5,7271,4723,11468,0.538454830833624,6706,0.6682075753056964
38,fixmatch,6,8236,5926,11445,0.6768020969855832,6977,0.8345993980220725
38,fixmatch,7,8346,6427,11483,0.6782199773578333,7435,0.8478816408876934
38,fixmatch,8,4008,2350,11501,0.3423180592991914,6749,0.3473107126981775
38,fixmatch,9,6026,3877,11508,0.5173792144595064,6502,0.5947400799753921
39,fixmatch,0,21942,15949,11473,0.9733286847380808,10586,0.9931040997543926
39,fixmatch,1,15563,13147,11476,0.98196235622168,11031,0.9950140513099447
39,fixmatch,2,15125,9954,11552,0.8556094182825484,8915,0.9375210319685923
39,fixmatch,3,15531,9267,11495,0.7886907351022183,7516,0.9068653539116551
39,fixmatch,4,11230,8033,11501,0.8099295713416225,8158,0.9203236087276293
39,fixmatch,5,7909,5132,11445,0.5751856705985147,6826,0.7027541752124231
39,fixmatch,6,8455,6202,11518,0.6904844591074839,7159,0.8505377846067886
39,fixmatch,7,8375,6598,11425,0.6845514223194749,7539,0.858469293009683
39,fixmatch,8,4668,2854,11423,0.4029589424844612,6621,0.4309016764839148
39,fixmatch,9,5890,3801,11380,0.510896309314587,6586,0.5765259641664136
40,fixmatch,0,21894,16184,11460,0.9767888307155322,10658,0.9944642522049165
40,fixmatch,1,15473,13105,11481,0.9814476090932845,11037,0.994382531485005
40,fixmatch,2,14460,9972,11422,0.8673612327088076,9123,0.9402608790967883
40,fixmatch,3,15916,9775,11416,0.8081639803784163,7719,0.9192900634797253
40,fixmatch,4,11224,8253,11453,0.8169038679821881,8326,0.9244535190968052
40,fixmatch,5,7626,5143,11497,0.5666695659737323,6998,0.6953415261503286
40,fixmatch,6,8789,6496,11440,0.7213286713286713,7411,0.8607475374443395
40,fixmatch,7,8545,6802,11451,0.6955724390882893,7775,0.8558199356913183
40,fixmatch,8,4609,2845,11477,0.39566088699137403,6821,0.41533499486878755
40,fixmatch,9,6152,4139,11591,0.5253213700284703,6846,0.6034180543382998
41,fixmatch,0,21901,16307,11513,0.9779379831494832,10812,0.9946355900850906
41,fixmatch,1,15413,13082,11419,0.9822226114370786,10977,0.9954450214083994
41,fixmatch,2,14673,10110,11464,0.8680216329378926,9144,0.9390857392825896
41,fixmatch,3,15983,10022,11481,0.8098597683128648,7926,0.919000757002271
41,fixmatch,4,11320,8307,11499,0.8232020175667449,8399,0.9258245029170139
41,fixmatch,5,7381,4983,11483,0.5547330836889315,6974,0.6765127616862633
41,fixmatch,6,8495,6359,11424,0.7057948179271709,7334,0.8538314698663758
41,fixmatch,7,8676,6986,11474,0.7089070943001569,7966,0.8619131308059251
41,fixmatch,8,4862,3120,11474,0.4151124280983092,6982,0.4448582068175308
41,fixmatch,9,5984,3948,11457,0.5164528236012917,6710,0.5873323397913562
42,fixmatch,0,21779,16339,11429,0.9765508793420247,10677,0.9945677624800974
42,fixmatch,1,14876,12723,11424,0.9811799719887955,10976,0.9949890670553936
42,fixmatch,2,14926,10362,11428,0.8751312565628281,9270,0.9451995685005393
42,fixmatch,3,16099,9973,11485,0.816804527644754,7813,0.9278126199923205
42,fixmatch,4,11212,8295,11535,0.8189856957087126,8484,0.9214992927864215
42,fixmatch,5,7304,4877,11407,0.5519417901288682,6919,0.670906200317965
42,fixmatch,6,8747,6581,11498,0.7189076361106279,7541,0.8608937806656942
42,fixmatch,7,8701,7058,11493,0.7091272948751414,7938,0.8713781809019904
42,fixmatch,8,4407,2682,11517,0.3762264478596857,6887,0.3887033541454915
42,fixmatch,9,6637,4681,11472,0.5709553695955369,7066,0.6614774978771583
43,fixmatch,0,21588,16232,11472,0.9799511854951185,10785,0.9952712100139082
43,fixmatch,1,15095,13026,11507,0.9834014078387069,11113,0.9958607036803744
43,fixmatch,2,14528,9994,11460,0.868411867364747,9169,0.9370705638564729
43,fixmatch,3,15767,9976,11488,0.8119777158774373,7908,0.921219018715225
43,fixmatch,4,11182,8374,11375,0.8287472527472527,8496,0.9270244821092278
43,fixmatch,5,7560,5108,11493,0.5670408074480119,7043,0.687775095839841
43,fixmatch,6,8871,6829,11497,0.7307123597460207,7702,0.8723708127759023
43,fixmatch,7,8592,6948,11517,0.705565685508379,7899,0.8644132168628941
43,fixmatch,8,4800,3077,11460,0.41221640488656197,7016,0.4375712656784493
43,fixmatch,9,6705,4777,11419,0.5803485419038444,7210,0.6608876560332871
44,fixmatch,0,21987,16564,11487,0.978497431879516,10789,0.994346093243118
44,fixmatch,1,15229,13093,11481,0.983799320616671,11111,0.995409954099541
44,fixmatch,2,14394,10274,11489,0.8750108799721473,9396,0.9397616006811409
44,fixmatch,3,15889,10351,11476,0.8139595677936563,8124,0.9194977843426884
44,fixmatch,4,10937,8391,11473,0.8178331735378715,8649,0.9159440397733842
44,fixmatch,5,7573,5249,11457,0.5687352710133543,7199,0.6859286011946104
44,fixmatch,6,9084,7031,11451,0.7456117369662039,7893,0.8730520714557203
44,fixmatch,7,8561,6928,11431,0.704225352112676,7916,0.8575037897928247
44,fixmatch,8,4779,3078,11419,0.41290831071021983,7141,0.43005181347150256
44,fixmatch,9,6255,4221,11524,0.5380076362374175,6962,0.6049985636311405
45,fixmatch,0,21224,16003,11445,0.9769331585845348,10710,0.9942110177404295
45,fixmatch,1,15178,13058,11421,0.9837142106645653,11065,0.9951197469498418
45,fixmatch,2,14765,10370,11512,0.8799513551077137,9386,0.9430002130833156
45,fixmatch,3,15314,9685,11458,0.8040670274044336,7889,0.9184941057168209
45,fixmatch,4,11449,8758,11495,0.8396694214876033,8772,0.9345645234838121
45,fixmatch,5,7787,5407,11450,0.5825327510917031,7218,0.7097533942920476
45,fixmatch,6,8939,6934,11471,0.7402144538401185,7793,0.8789939689464904
45,fixmatch,7,8665,7018,11501,0.710459960003478,7957,0.8666582882996104
45,fixmatch,8,4944,3289,11457,0.42672601902766866,7156,0.45835662381218556
45,fixmatch,9,6423,4398,11478,0.5541906255445199,6974,0.6299110983653571
46,fixmatch,0,21363,16252,11459,0.9800157081769788,10802,0.9958341047954082
46,fixmatch,1,15197,13164,11500,0.9831304347826086,11156,0.9945320903549659
46,fixmatch,2,14356,10252,11417,0.881317333800473,9390,0.9462193823216187
46,fixmatch,3,15803,10155,11528,0.8248612074947953,8118,0.9247351564424735
46,fixmatch,4,11160,8579,11453,0.8351523618265957,8696,0.9310027598896045
46,fixmatch,5,7823,5474,11477,0.5871743486973948,7334,0.7076629397327515
46,fixmatch,6,9043,7051,11462,0.7492584191240621,7896,0.8817122593718338
46,fixmatch,7,8704,7158,11480,0.7180313588850175,8061,0.8734648306661704
46,fixmatch,8,4940,3294,11478,0.42472556194458966,7286,0.45127642053252814
46,fixmatch,9,6299,4379,11434,0.5467028161623229,7019,0.6231656931186779
47,fixmatch,0,21379,16394,11496,0.9803409881697982,10887,0.9945806925691192
47,fixmatch,1,15415,13283,11496,0.9839074460681977,11137,0.9962287869264613
47,fixmatch,2,14547,10560,11493,0.8846254241712347,9558,0.944967566436493
47,fixmatch,3,15194,10097,11406,0.8173768192179555,8159,0.9195979899497487
47,fixmatch,4,10951,8497,11455,0.8307289393278044,8732,0.9251030691708658
47,fixmatch,5,7835,5491,11460,0.5893542757417103,7421,0.6993666621749091
47,fixmatch,6,9307,7419,11427,0.7727312505469502,8184,0.8912512218963832
47,fixmatch,7,8689,7277,11424,0.7203256302521008,8211,0.8710266715381805
47,fixmatch,8,4957,3337,11473,0.4263052383857753,7377,0.4512674528941304
47,fixmatch,9,6414,4463,11558,0.5498356116975255,7152,0.6236017897091722
48,fixmatch,0,21427,16516,11464,0.9816817864619679,10870,0.9948482060717572
48,fixmatch,1,15256,13216,11440,0.9858391608391608,11087,0.9958509966627582
48,fixmatch,2,14227,10448,11482,0.8844278000348371,9582,0.946044667084116
48,fixmatch,3,16026,10619,11500,0.8336521739130435,8370,0.9305854241338112
48,fixmatch,4,10854,8533,11431,0.834485171900971,8750,0.9285714285714286
48,fixmatch,5,7807,5515,11508,0.586548488008342,7439,0.698346551955908
48,fixmatch,6,9201,7293,11532,0.763180714533472,8160,0.8822303921568627
48,fixmatch,7,8719,7353,11474,0.7201499041310789,8369,0.8631855657784682
48,fixmatch,8,4860,3279,11451,0.41926469303990915,7437,0.4391555734839317
48,fixmatch,9,6311,4402,11406,0.5502367175170962,7110,0.6188466947960619
49,fixmatch,0,21320,16618,11447,0.9792085262514196,10888,0.9952240999265246
49,fixmatch,1,15104,13190,11503,0.9857428496913848,11186,0.9949937421777222
49,fixmatch,2,13807,10277,11508,0.8848627042057698,9595,0.9499739447628973
49,fixmatch,3,16095,10733,11423,0.839534272958067,8421,0.9357558484740529
49,fixmatch,4,11090,8803,11505,0.8467622772707518,8941,0.935130298624315
49,fixmatch,5,7762,5550,11424,0.5919117647058824,7545,0.6991385023194169
49,fixmatch,6,9318,7452,11439,0.7760293731969578,8251,0.8920130893225063
49,fixmatch,7,8845,7485,11495,0.726750761200522,8379,0.8761188686000716
49,fixmatch,8,4934,3430,11502,0.4221874456616241,7661,0.44680851063829785
49,fixmatch,9,6413,4511,11442,0.5566334556895648,7182,0.6272626009468115
50,fixmatch,0,21431,16783,11482,0.9823201532834,10924,0.9955144635664591
50,fixmatch,1,14877,13016,11459,0.9860371760188498,11098,0.9956748963777258
50,fixmatch,2,13797,10311,11393,0.8866848064601071,9607,0.9459768918496929
50,fixmatch,3,16016,10856,11517,0.8380654684379613,8519,0.9340298157060688
50,fixmatch,4,11176,8909,11414,0.8551778517609953,9051,0.9355872279306154
50,fixmatch,5,7763,5568,11534,0.5886942951274493,7595,0.6975641869651086
50,fixmatch,6,9284,7458,11475,0.7745533769063181,8269,0.8920062885475873
50,fixmatch,7,8720,7434,11432,0.7260321903428971,8394,0.870264474624732
50,fixmatch,8,5113,3573,11444,0.44049283467319117,7789,0.4573115932725639
50,fixmatch,9,6511,4675,11538,0.5608424336973479,7337,0.637045113806733
